Titulo,Enlace,Precios
Apple iPhone 12 (128 GB) - Negro - Distribuidor autorizado,https://www.mercadolibre.com.ar/apple-iphone-12-128-gb-negro-distribuidor-autorizado/p/MLA1016163653#searchVariation=MLA1016163653&position=1&search_layout=stack&type=product&tracking_id=e3217e3c-e0d1-44a5-9d1f-93e539bdae27,1.319.999
 iPhone 6s 32 GB  gris espacial,https://www.mercadolibre.com.ar/iphone-6s-32-gb-gris-espacial/p/MLA6282512#searchVariation=MLA6282512&position=4&search_layout=stack&type=product&tracking_id=e3217e3c-e0d1-44a5-9d1f-93e539bdae27,329.999
Cargador 20w iPhone Carga Rápida + Cable Usb C Original,https://articulo.mercadolibre.com.ar/MLA-1503305306-cargador-20w-iphone-carga-rapida-cable-usb-c-original-_JM#position=48&search_layout=stack&type=item&tracking_id=e3217e3c-e0d1-44a5-9d1f-93e539bdae27,31.111
Apple iPhone 14 (128 GB) - Blanco estelar,https://www.mercadolibre.com.ar/apple-iphone-14-128-gb-blanco-estelar/p/MLA19615378#searchVariation=MLA19615378&position=3&search_layout=stack&type=product&tracking_id=e3217e3c-e0d1-44a5-9d1f-93e539bdae27,1.243.499
"Apple iPad (9ª generación) 10.2"" Wi-Fi 64GB - Gris espacial",https://www.mercadolibre.com.ar/apple-ipad-9-generacion-102-wi-fi-64gb-gris-espacial/p/MLA18498456#searchVariation=MLA18498456&position=2&search_layout=stack&type=product&tracking_id=e3217e3c-e0d1-44a5-9d1f-93e539bdae27,435.490
Apple iPhone 15 (128 GB) - Negro,https://www.mercadolibre.com.ar/apple-iphone-15-128-gb-negro/p/MLA27172677#searchVariation=MLA27172677&position=6&search_layout=stack&type=product&tracking_id=e3217e3c-e0d1-44a5-9d1f-93e539bdae27,1.494.999
Apple iPhone 15 Pro (128 GB) - Titanio Azul,https://www.mercadolibre.com.ar/apple-iphone-15-pro-128-gb-titanio-azul/p/MLA27172709#searchVariation=MLA27172709&position=8&search_layout=stack&type=product&tracking_id=e3217e3c-e0d1-44a5-9d1f-93e539bdae27,1.813.499
"Apple Macbook Air (13 pulgadas, 2020, Chip M1, 256 GB de SSD, 8 GB de RAM) - Gris espacial - Distribuidor autorizado",https://www.mercadolibre.com.ar/apple-macbook-air-13-pulgadas-2020-chip-m1-256-gb-de-ssd-8-gb-de-ram-gris-espacial-distribuidor-autorizado/p/MLA1017828518#searchVariation=MLA1017828518&position=5&search_layout=stack&type=product&tracking_id=e3217e3c-e0d1-44a5-9d1f-93e539bdae27,1.883.599
"Funda + Portacagador Macbook Pro 13 M2 Macbook Air 13,6 M2",https://click1.mercadolibre.com.ar/mclics/clicks/external/MLA/count?a=0UjGoVwaWEJ9JvaGShDGyIevS69PNqJbJOVtjEZZco0CS%2BWCxn9IhsD6WuKVmzovom9yqdkQ5dbMz%2F72MpiarZwHfmF%2BGt%2FwoIFDeMMe1%2F78thZtGZdAtRTtBizycSOOTkP7xx8SoXn9rkYKJwVaX9rlUPGJv%2FdEsKOA5c%2FLy1E%2FIlEVKH0ykm2Q7i%2FWQ7ftNvELPaxRO%2FqatcU8ithmh1ZW72fSC2pkRSy8d2ZUlXfcQ82rydgcX3KOBjDfOyPGXIvB9BKAuZn2a6zxHSm5LUqaFaMTEKbQ1mYIOfQfGoxXEwVZiweDck4yytF%2FmQLsw45tH%2FhC1dqTuT7rD2B9Axpm5N0Kve87NjYdkreIJ0McR%2FjYQAZ6vnqGMO%2BEAV4fc7eylTan2Ou6TvBGgokt2kdvhDTQTv7I40PqR3%2BLUv9MpQtWre58wOj654vreSws7T%2FcfPb%2BdwxqoQtStGRPdU22ykFBaH3VJ5nIuyogtKrAWJKgh28CS8RriM4S45Q%2FuikeKPsrvF3qp4cVH4jX%2Fo70NzFqWXVJyXK2mqUrt15HS0Br4UtzJ0Tgqe9dbx8OeYd462pS5N66Kg8POknMDGy%2Fb41egn0y8OSh9QUFMldF9D7LXE30DQ7uKM8sEjg7eyA2luItjL2MCdPoB1mLqMu69vs0xysrzKf%2Fz2XJ53kv%2Bl%2BSYI3KafVtGXv6eHBISzgaZG4toyqQ0JgFtzs2RjC3y3A%3D&e=mclics%2Fpseudo-search-pads-buybox%2B7708%2Cmclics%2Fbuybox-layout%2B25349%2Cmclics%2Fsearch-list-ad-algorithm%2B16026&rb=x,39.000
Funda Para iPad 7 8 9 Gen A2197 A2270 A2602 10.2 Giratoria,https://click1.mercadolibre.com.ar/mclics/clicks/external/MLA/count?a=Y7Sr3XVJYNBLoi3Hki1cyF%2Fof9dEuETda05oSqblSUhskPU5abarMkpr%2BKZpqGchFJzSxXCcTYCckVO3OVOGVrdezaeloXtpciWouG2bNPPyRw9KaYL367101sGR02Zu2hQmNL3FTrjE7ag2F2iX9h8FY0wzr97ErrTtfkUpTzSrhpOKP%2BeMfN8%2BTI%2BbULSmBuwRIJARNf%2BhZ2sy4LMI0srpadcRQu%2FtQqoBMPj5nmmLgS8stEftATPIlnYz1%2FseDPId3Fz8HnjCogEWTIu2lL%2F26C7eSnutfGKPTllvwRh5Y1b0uJvqQ6tSG9nO18l5doyizXxnbVDGLLMjLG2kOyHT%2FgmsRB9dkTGnEuKfEEvd3FImvBA7e86J3pCmpFiUGwUDrjzclcZLTV8F2MmtStuduvSBxH9CObI%2B2%2FTJTqpelyg5zwpP8vfIkVedNQD0%2BPIVr3sm85aDJgzHn946wtGVntgzP32tkzDJi3Az361M8Dkn1bAVPI%2FDmoi8k7kP5RrqlSzsqRImmC05rGndBm9RPxESgTzF8SfkVrYjXxytO7kPh5Nw3lTtFNf7F03hKGxUZ6EYCYZRBLy%2FzjFH6ZpZ2Yb5a92dxl9ZAXV6uA%2FNnqQJSLqrqjtRBLBfksVVPobkEzkOKNIRePB%2Bo7CRuk7D5wL7HiuXzTfr2ZXOSZonCp2tdzn83VSddD8QJMkp6NRLlf9rU32YilV0%2Farf%2B8w3TipowvE%3D&e=mclics%2Fpseudo-search-pads-buybox%2B7708%2Cmclics%2Fbuybox-layout%2B25349%2Cmclics%2Fsearch-list-ad-algorithm%2B16026&rb=x,19.999
Cargador Carga Rapida iPhone Original 20w X 11 12 13 Pro Max - Distribuidor Autorizado,https://www.mercadolibre.com.ar/cargador-carga-rapida-iphone-original-20w-x-11-12-13-pro-max-distribuidor-autorizado/p/MLA1021690780#searchVariation=MLA1021690780&position=11&search_layout=stack&type=product&tracking_id=e3217e3c-e0d1-44a5-9d1f-93e539bdae27,69.999
Apple iPhone 12 (128 GB) - Blanco - Distribuidor autorizado,https://www.mercadolibre.com.ar/apple-iphone-12-128-gb-blanco-distribuidor-autorizado/p/MLA1016163652#searchVariation=MLA1016163652&position=13&search_layout=stack&type=product&tracking_id=e3217e3c-e0d1-44a5-9d1f-93e539bdae27,1.999.999
"Apple iPad (9ª generación) 10.2"" Wi-Fi 64GB - Color plata",https://www.mercadolibre.com.ar/apple-ipad-9-generacion-102-wi-fi-64gb-color-plata/p/MLA18498454#searchVariation=MLA18498454&position=7&search_layout=stack&type=product&tracking_id=e3217e3c-e0d1-44a5-9d1f-93e539bdae27,426.049
Apple iPhone 11 (64 GB) - Negro,https://www.mercadolibre.com.ar/apple-iphone-11-64-gb-negro/p/MLA15149561#searchVariation=MLA15149561&position=14&search_layout=stack&type=product&tracking_id=e3217e3c-e0d1-44a5-9d1f-93e539bdae27,841.999
Apple iPhone 12 (256 GB) - Negro - Distribuidor autorizado,https://www.mercadolibre.com.ar/apple-iphone-12-256-gb-negro-distribuidor-autorizado/p/MLA1016163658#searchVariation=MLA1016163658&position=12&search_layout=stack&type=product&tracking_id=e3217e3c-e0d1-44a5-9d1f-93e539bdae27,2.239.999
Apple Cable De Carga Y Datos Usb - C 2m Mll82am/a Blanco,https://www.mercadolibre.com.ar/apple-cable-de-carga-y-datos-usb-c-2m-mll82ama-blanco/p/MLA20746264#searchVariation=MLA20746264&position=16&search_layout=stack&type=product&tracking_id=e3217e3c-e0d1-44a5-9d1f-93e539bdae27,33.900
Apple iPhone 13 Pro Max (256 GB) - Grafito - Distribuidor autorizado,https://www.mercadolibre.com.ar/apple-iphone-13-pro-max-256-gb-grafito-distribuidor-autorizado/p/MLA1018494233#searchVariation=MLA1018494233&position=15&search_layout=stack&type=product&tracking_id=e3217e3c-e0d1-44a5-9d1f-93e539bdae27,3.000.000
"Apple iPhone SE (3ª generación, 128 GB) - Blanco estelar",https://www.mercadolibre.com.ar/apple-iphone-se-3-generacion-128-gb-blanco-estelar/p/MLA18969585#searchVariation=MLA18969585&position=18&search_layout=stack&type=product&tracking_id=e3217e3c-e0d1-44a5-9d1f-93e539bdae27,908.999
Funda Bolsa Sumergible Celular Ringke Ipx8 50 Metros Estanco,https://click1.mercadolibre.com.ar/mclics/clicks/external/MLA/count?a=uwa1BHUsABUVia7LYFWgMkDXEds5dbhbSe5RfaikV47z4wYLxdMRv1nMoCyQuHa6v79oBXSvKyrUix6mhcri4jQxAFo8poRcKIB6Iyulr2KaSJs2EE0Lj2%2Bu3TaF3W8ICqgeSsAQBQePSX9FpoFhkOzvCONmkhnH9BFN9r%2FHJiFOyyhSt8cUkIFlwIE4AVwaVJINgrUd2rbku3PPUHpx0wN3RPcVs8pkhLvEk75N1p3EugOTp33bKo0Tn2v6JHGwvLS%2Fnn8KVHFV9kwiLsvRdmdtFBjT4Blshj3D1zIk3AZoq0qWEOjGpjQVkfMROEyEFhesAUyP%2BXrnamfq8B86wGcPkpkEvZQgtlPMU3UYFevDDpVU%2BN5xzHHDgfvcLiBX6WjdKRVRUNeeY7f8GMQW3rJIPYQpchTyy0FDfiD6c8zI6vrlOmYxjev4Mwh50f9RT3YsqDiMsJvYGHxdNUaCKDKZU6SO638MsPICqv8eHlxWyaFJjPK3uHX8npcQWFYhJweCM1CDLDwOqejkQdLEK%2BnK%2BSAmsMkiWZ5QZb9rdF3hYu7q4haJgZSGA%2F8FWO3wKf%2FSuOHTU966SlkhoHIxXllOfHdpyhoM2XzqMKJg2hsZB7N7syYuPujGDAg%2F5So%2F2GOEYYf0pcjTpFEP9H%2Brb9YW1VfyNbgewD6fD1MYhI0gLPWgeDy4e1675jO1BdTD03MuaNKvzOChZeXcjgNtytkaFYzASzlM0zo%3D&e=mclics%2Fpseudo-search-pads-buybox%2B7708%2Cmclics%2Fbuybox-layout%2B25349%2Cmclics%2Fsearch-list-ad-algorithm%2B16026&rb=x,32.999
Cable Apple Original Rapido iPhone 13 13 Pro Max Tipo C Caja,https://click1.mercadolibre.com.ar/mclics/clicks/external/MLA/count?a=fsNsOyPG%2BT0qwvZhf5bdFHS0QezLZM5NGDOWZK1z4jnuvD0eFpgrYbFjQhfXkz2MRd0iGE4Xftp7sDPz7V4q70CO3AUDSSt0K%2BRnSU3EzDzgSWAtkeY3UkRKgmnDj5v6c82Fm4Nr%2FJ8gT%2FjtJf9MFOqf5HJ5qYFBT3ets0nVEFe%2Fi0c09A8sls6sQ3jS%2F1UWOHebpC4CUp%2B7lN9YvpA6ftOJFkkR5j36jmv78GAFOxg8TsGzKZWQWiKZDiiHdJk9mr06g6U4mQzNHF5pSjJN5dRrPug6px47zRhEyt%2F6Q4Xv9xwiG9s2QWTV46w4qoTx%2B9eEEF3AvuiJRuSy9I9h1nQ3ZEmoDGo%2BfK%2FKyKPpkmoJNaBIj7irsDCt3VGLOJJl4gsbo5Xx0HCoW6RhT5WOyBLz83ti2vFCGK7ETwTjLuiJYXYUIaropKeGaJv%2FIbidJi74xo9eH0sOLO%2Bo3nFQ621djC2j%2F2W%2BCNINOOV%2B8io1Wrv3gMjI1Yt6kR9auTL%2F9mpkOMbn4Ho6VRje9Q4vROE6bOLC6xLMvBJF346tdHwY%2Bl4II%2Fuba1WLFoGZqPldqOR2EDmbAT7IZAz4I7GmMhWfSM7oEHo%2FkHTfkdhjfskNSppMLZ6jtHbNefiUccIhhLoOF4OWHxB4iPtxdxmXbtwrLNZOKyI3slJsqPb0PptTl9RgZO2zCRmO3V4iKVfuK%2FcjxrrdSEYSqPx4Kaoqpm7P%2Ftr8KR8o&e=mclics%2Fpseudo-search-pads-buybox%2B7708%2Cmclics%2Fbuybox-layout%2B25349%2Cmclics%2Fsearch-list-ad-algorithm%2B16026&rb=x,35.999
"Apple Macbook Air (13 pulgadas, 2020, Chip M1, 256 GB de SSD, 8 GB de RAM) - Plata",https://www.mercadolibre.com.ar/apple-macbook-air-13-pulgadas-2020-chip-m1-256-gb-de-ssd-8-gb-de-ram-plata/p/MLA17828520#searchVariation=MLA17828520&position=17&search_layout=stack&type=product&tracking_id=e3217e3c-e0d1-44a5-9d1f-93e539bdae27,1.378.152
Cargador Fast Apple Original  iPhone 13 13 Pro Max Usb-c 20w Color Blanco - Distribuidor Autorizado,https://www.mercadolibre.com.ar/cargador-fast-apple-original-iphone-13-13-pro-max-usb-c-20w-color-blanco-distribuidor-autorizado/p/MLA1019866763#searchVariation=MLA1019866763&position=21&search_layout=stack&type=product&tracking_id=e3217e3c-e0d1-44a5-9d1f-93e539bdae27,60.199
Apple iPhone 14 (256 GB) - Medianoche,https://www.mercadolibre.com.ar/apple-iphone-14-256-gb-medianoche/p/MLA19615344#searchVariation=MLA19615344&position=23&search_layout=stack&type=product&tracking_id=e3217e3c-e0d1-44a5-9d1f-93e539bdae27,1.568.999
Apple Pencil 1ra Generación - Lápiz Optico Apple - Con Adaptador Usb-c,https://www.mercadolibre.com.ar/apple-pencil-1ra-generacion-lapiz-optico-apple-con-adaptador-usb-c/p/MLA27918950#searchVariation=MLA27918950&position=22&search_layout=stack&type=product&tracking_id=e3217e3c-e0d1-44a5-9d1f-93e539bdae27,139.900
"Apple iPhone SE (3ª generación, 64 GB) - Azul medianoche - Distribuidor autorizado",https://www.mercadolibre.com.ar/apple-iphone-se-3-generacion-64-gb-azul-medianoche-distribuidor-autorizado/p/MLA1018969583#searchVariation=MLA1018969583&position=24&search_layout=stack&type=product&tracking_id=e3217e3c-e0d1-44a5-9d1f-93e539bdae27,633.598
"Apple iPhone SE (3ª generación, 64 GB) - Blanco estelar - Distribuidor autorizado",https://www.mercadolibre.com.ar/apple-iphone-se-3-generacion-64-gb-blanco-estelar-distribuidor-autorizado/p/MLA1018969582#searchVariation=MLA1018969582&position=26&search_layout=stack&type=product&tracking_id=e3217e3c-e0d1-44a5-9d1f-93e539bdae27,887.038
Apple Magic Mouse 3 Color Blanco - Distribuidor autorizado,https://www.mercadolibre.com.ar/apple-magic-mouse-3-color-blanco-distribuidor-autorizado/p/MLA1018713029#searchVariation=MLA1018713029&position=27&search_layout=stack&type=product&tracking_id=e3217e3c-e0d1-44a5-9d1f-93e539bdae27,139.999
Apple iPhone 12 (64 GB) - (PRODUCT)RED - Distribuidor autorizado,https://www.mercadolibre.com.ar/apple-iphone-12-64-gb-productred-distribuidor-autorizado/p/MLA1016163651#searchVariation=MLA1016163651&position=25&search_layout=stack&type=product&tracking_id=e3217e3c-e0d1-44a5-9d1f-93e539bdae27,1.829.999
Cable Usb Tipo C A Lightning 1m,https://www.mercadolibre.com.ar/cable-usb-tipo-c-a-lightning-1m/p/MLA22209807#searchVariation=MLA22209807&position=29&search_layout=stack&type=product&tracking_id=e3217e3c-e0d1-44a5-9d1f-93e539bdae27,7.791
Apple iPhone 15 (256 GB) - Negro,https://www.mercadolibre.com.ar/apple-iphone-15-256-gb-negro/p/MLA27172669#searchVariation=MLA27172669&position=33&search_layout=stack&type=product&tracking_id=e3217e3c-e0d1-44a5-9d1f-93e539bdae27,1.752.999
Apple iPhone 13 (256 GB) - Rosa,https://www.mercadolibre.com.ar/apple-iphone-13-256-gb-rosa/p/MLA18500850#searchVariation=MLA18500850&position=30&search_layout=stack&type=product&tracking_id=e3217e3c-e0d1-44a5-9d1f-93e539bdae27,1.399.990
Lápiz óptico bluetooth Apple Pencil - blanco,https://www.mercadolibre.com.ar/lapiz-optico-bluetooth-apple-pencil-blanco/p/MLA27654022#searchVariation=MLA27654022&position=28&search_layout=stack&type=product&tracking_id=e3217e3c-e0d1-44a5-9d1f-93e539bdae27,139.999
"Apple iPhone SE (3ª generación, 64 GB) - Blanco estelar",https://www.mercadolibre.com.ar/apple-iphone-se-3-generacion-64-gb-blanco-estelar/p/MLA18969582#searchVariation=MLA18969582&position=34&search_layout=stack&type=product&tracking_id=e3217e3c-e0d1-44a5-9d1f-93e539bdae27,747.999
Cable Usb Original iPhone 6 7 8 9 10 X - Envios Full,https://articulo.mercadolibre.com.ar/MLA-1378800331-cable-usb-original-iphone-6-7-8-9-10-x-envios-full-_JM#position=49&search_layout=stack&type=item&tracking_id=e3217e3c-e0d1-44a5-9d1f-93e539bdae27,9.490
"Apple iPhone SE (3ª generación, 128 GB) - Azul medianoche - Distribuidor autorizado",https://www.mercadolibre.com.ar/apple-iphone-se-3-generacion-128-gb-azul-medianoche-distribuidor-autorizado/p/MLA1018969586#searchVariation=MLA1018969586&position=32&search_layout=stack&type=product&tracking_id=e3217e3c-e0d1-44a5-9d1f-93e539bdae27,1.068.478
"Apple Macbook Air (13 pulgadas, 2020, Chip M1, 256 GB de SSD, 8 GB de RAM) - Gris espacial",https://www.mercadolibre.com.ar/apple-macbook-air-13-pulgadas-2020-chip-m1-256-gb-de-ssd-8-gb-de-ram-gris-espacial/p/MLA17828518#searchVariation=MLA17828518&position=31&search_layout=stack&type=product&tracking_id=e3217e3c-e0d1-44a5-9d1f-93e539bdae27,1.399.999
Apple iPhone 15 Pro Max (512 GB) - Titanio Negro,https://www.mercadolibre.com.ar/apple-iphone-15-pro-max-512-gb-titanio-negro/p/MLA27172725#searchVariation=MLA27172725&position=38&search_layout=stack&type=product&tracking_id=e3217e3c-e0d1-44a5-9d1f-93e539bdae27,2.519.999
Apple iPhone 14 Pro (512 GB) - Morado oscuro,https://www.mercadolibre.com.ar/apple-iphone-14-pro-512-gb-morado-oscuro/p/MLA19615320#searchVariation=MLA19615320&position=36&search_layout=stack&type=product&tracking_id=e3217e3c-e0d1-44a5-9d1f-93e539bdae27,2.049.990
Apple Pencil 1ra Generación - Lápiz Optico Apple - Conector Lightning,https://www.mercadolibre.com.ar/apple-pencil-1ra-generacion-lapiz-optico-apple-conector-lightning/p/MLA27919251#searchVariation=MLA27919251&position=37&search_layout=stack&type=product&tracking_id=e3217e3c-e0d1-44a5-9d1f-93e539bdae27,134.213
Apple iPhone 14 Pro Max (256 GB) - Color plata,https://www.mercadolibre.com.ar/apple-iphone-14-pro-max-256-gb-color-plata/p/MLA19615340#searchVariation=MLA19615340&position=35&search_layout=stack&type=product&tracking_id=e3217e3c-e0d1-44a5-9d1f-93e539bdae27,1.899.999
 iPhone 8 64 GB  gris espacial,https://www.mercadolibre.com.ar/iphone-8-64-gb-gris-espacial/p/MLA8752432#searchVariation=MLA8752432&position=41&search_layout=stack&type=product&tracking_id=e3217e3c-e0d1-44a5-9d1f-93e539bdae27,445.550
"MacBook Air M2 2022 midnight 13.6"", Apple M2  8GB de RAM 256GB SSD, Apple M2 10-Core GPU 2560x1664px macOS",https://www.mercadolibre.com.ar/macbook-air-m2-2022-midnight-136-apple-m2-8gb-de-ram-256gb-ssd-apple-m2-10-core-gpu-2560x1664px-macos/p/MLA19563442#searchVariation=MLA19563442&position=42&search_layout=stack&type=product&tracking_id=e3217e3c-e0d1-44a5-9d1f-93e539bdae27,1.850.320
"iPhone X 64 Gb Blanco, Cable, Cargador Nuevos ",https://articulo.mercadolibre.com.ar/MLA-1489302330-iphone-x-64-gb-blanco-cable-cargador-nuevos-_JM#position=50&search_layout=stack&type=item&tracking_id=e3217e3c-e0d1-44a5-9d1f-93e539bdae27,481.680
Apple iPhone 14 Plus (128 GB) - (PRODUCT)RED,https://www.mercadolibre.com.ar/apple-iphone-14-plus-128-gb-productred/p/MLA19615377#searchVariation=MLA19615377&position=40&search_layout=stack&type=product&tracking_id=e3217e3c-e0d1-44a5-9d1f-93e539bdae27,1.499.990
Apple Magic Mouse 2 Plateado - Distribuidor Autorizado,https://www.mercadolibre.com.ar/apple-magic-mouse-2-plateado-distribuidor-autorizado/p/MLA1006332786#searchVariation=MLA1006332786&position=39&search_layout=stack&type=product&tracking_id=e3217e3c-e0d1-44a5-9d1f-93e539bdae27,159.999
Apple iPhone 8 64gb 2gb Ram A11 Bionic Liberado Refabricado,https://articulo.mercadolibre.com.ar/MLA-1108030204-apple-iphone-8-64gb-2gb-ram-a11-bionic-liberado-refabricado-_JM#position=51&search_layout=stack&type=item&tracking_id=e3217e3c-e0d1-44a5-9d1f-93e539bdae27,399.990
Apple iPhone 12 Pro Max (128 GB) - Grafito,https://www.mercadolibre.com.ar/apple-iphone-12-pro-max-128-gb-grafito/p/MLA16163692#searchVariation=MLA16163692&position=43&search_layout=stack&type=product&tracking_id=e3217e3c-e0d1-44a5-9d1f-93e539bdae27,1.699.990
iPhone 11 128 Gb Blanco Original,https://articulo.mercadolibre.com.ar/MLA-921855917-iphone-11-128-gb-blanco-original-_JM#position=52&search_layout=stack&type=item&tracking_id=e3217e3c-e0d1-44a5-9d1f-93e539bdae27,999.999
Macbook Pro 13 (2022) Chip M2 Apple / 8gb Ram Ssd 256gb Color Gris Espacial,https://www.mercadolibre.com.ar/macbook-pro-13-2022-chip-m2-apple-8gb-ram-ssd-256gb-color-gris-espacial/p/MLA24859072#searchVariation=MLA24859072&position=44&search_layout=stack&type=product&tracking_id=e3217e3c-e0d1-44a5-9d1f-93e539bdae27,2.424.987
Apple iPhone 14 Pro Max (512 GB) - Negro espacial,https://www.mercadolibre.com.ar/apple-iphone-14-pro-max-512-gb-negro-espacial/p/MLA19615324#searchVariation=MLA19615324&position=47&search_layout=stack&type=product&tracking_id=e3217e3c-e0d1-44a5-9d1f-93e539bdae27,2.334.999
Apple iPhone 11 (128 Gb) - Negro,https://articulo.mercadolibre.com.ar/MLA-1138700313-apple-iphone-11-128-gb-negro-_JM#position=53&search_layout=stack&type=item&tracking_id=e3217e3c-e0d1-44a5-9d1f-93e539bdae27,1.053.000
Apple iPhone 14 Pro (128 GB) - Negro espacial,https://www.mercadolibre.com.ar/apple-iphone-14-pro-128-gb-negro-espacial/p/MLA19615330#searchVariation=MLA19615330&position=46&search_layout=stack&type=product&tracking_id=e3217e3c-e0d1-44a5-9d1f-93e539bdae27,2.275.145
Apple iPhone 12 64gb-incluye Cargador Usb-c - 1 Año Garantia,https://articulo.mercadolibre.com.ar/MLA-1115069902-apple-iphone-12-64gb-incluye-cargador-usb-c-1-ano-garantia-_JM#position=54&search_layout=stack&type=item&tracking_id=e3217e3c-e0d1-44a5-9d1f-93e539bdae27,1.100.000
"Apple Macbook Air (13 pulgadas, 2020, Chip M1, 256 GB de SSD, 8 GB de RAM) - Oro",https://www.mercadolibre.com.ar/apple-macbook-air-13-pulgadas-2020-chip-m1-256-gb-de-ssd-8-gb-de-ram-oro/p/MLA17828522#searchVariation=MLA17828522&position=45&search_layout=stack&type=product&tracking_id=e3217e3c-e0d1-44a5-9d1f-93e539bdae27,1.389.999
Funda Sobre Estuche Apple iPad Pro 12.9 + Porta Apple Pencil,https://click1.mercadolibre.com.ar/mclics/clicks/external/MLA/count?a=pH3jibKWMG0H20gWjY%2FG3GMINMqE9xmQqGgkvdwynBxaYdwTqbovJzenQEna8Miatu0snubI2mTpjuwzfN0EIDe8%2Fs5fPgi9LsqO7eIo%2BxhWGUGtde3cMuHVB3VWsgzev4gowiFZ03BLmpu07Wcv93dATc81TRdeRWP4M%2BANA2pPMeH5xzthjTLba7sZflV4TCohCvfL6%2Fhye1GcGFWE79z1x2qDHnJX92%2F3YP%2Ff2vENaVULCwUrn%2FMa0f0%2FGBldy739%2BTxW%2FWQ1W%2BneO%2FVSQKbe8L21UxBLf3sQ9OBWX6QqrNa%2Fjil06cNs6vEyUW1mAycCPwpDygirHbQLUMx6nUMx1HZJ%2BkY5PyOhsDOX0Og5%2FbqA0ZLuYf0rsyBEp4ijhec2trDoRrFQpqxodvgpR%2FB0%2FkmeiVTsGY3W4Nuc4YvGBUmNJ8vHbVCRzaND47HoLCUYonwS8xEB%2FFP4pC7vlkvbnpy7%2BI5AouIOqLaNlvrDpnuL8Z8cbXtG696SfmKZeAgOG4Inp9fr0wH48e9G%2F%2BotdHh2cW7en8WNG0aFJO9vfHljqhcKluu9YckEezhPT2uK%2Fg96DvkRNe4V%2BYL4HCP0b8A77R6TWrmgPUb68cBHmtL7q1hz5H6wCX2If4XghegrfyGVir4kGcNIxXvlVNxlK2XyeX8A2BLYYQ2bKnJmM4%2BDMzrcD8rVimgdSDyblXQT8HLxaOglReIpJhGGYR%2BGpCv8hQ%3D%3D&e=mclics%2Fpseudo-search-pads-buybox%2B7708%2Cmclics%2Fbuybox-layout%2B25349%2Cmclics%2Fsearch-list-ad-algorithm%2B16026&rb=x,28.000
Funda Para iPad Pro 12.9 Con Porta Pencil ,https://click1.mercadolibre.com.ar/mclics/clicks/external/MLA/count?a=BgWHaFJRNhxcGxDD7wywMnd%2BeEy8Ah9h8bKlXe34%2B%2BAntsWNjrj2VfaUMtZlcwx07A6uz2F7o4NpekajB6htUZmkjJsDr8m%2BqUMzhnYZgImOFXXiMjIUGSYOJfVXSPT3XjubB9%2BNgXcdGdOcrLuE4SBQ1kMnxQ89c5MTvLVRRWiqWcN7qs2OZOBqZ%2BCSosb3soGKPiIz1AdWt%2FKGj3CCyDvyku8yj%2F8p8JV0Ez2koJNLMTi43Cld2WAUi7W3oc6XtHQsX%2BDopnVkPokSiI2GTzxsDkPIAXtxYYLAAL7a5NSdoBnOe6RZLbEg2QmAj2ddIfGvDxnCmu8JGj%2FToMtI118RKWfh7NAf2%2BSOVYZJ5ibjP%2BVQBJsIBAREzPU0wP99VIh%2FFHQ36w6OlcLddlFod2T%2F8Ig%2FofZQQbyF3x4C%2FfeqcLQLlTMRijkO%2BZdl9dHoXPLRHQjj4c%2FvjaNXkEYsLNS2MnzJ2dPWoIKecLPdbXNe3T5JTPOClSrc2DK80Kaayp4Zt0w6sNIJ24XDHUXPjGKbFltEsjoVlOnVMtG5IsaIbqbJ8VV%2FF3lOdZMiaYjeiKt10mGCDxK9GX4ekKZ4G80uudZGjI3pn5AamTXHr2xLuj64hLNRM17dUxiKbL0gxXpN%2FFhJRY8kChuq2eZl1EXw3cdDK%2FGJlLeddInn0kM8BsLUpwtCwpDrBBCsso10Kk26Exg%3D&e=mclics%2Fpseudo-search-pads-buybox%2B7708%2Cmclics%2Fbuybox-layout%2B25349%2Cmclics%2Fsearch-list-ad-algorithm%2B16026&rb=x,36.980
Adaptador Cargador Magsafe Macbook Pro Air Patas Argentina,https://click1.mercadolibre.com.ar/mclics/clicks/external/MLA/count?a=YxQZ%2FaZFiMr2UXlx2BmTq9%2F4FZUPHL8FIEejMIXt%2BvUgJpuyD00RhRhbAgCY7vucKL7s3kDujsfDDGWSfDNbZyFWUnDQEESJ1fkRNS%2F80V1cPJlC5qCasn190z2T%2Bpac0xYIWGnXV2pr191eKyDoJviYb7zHWCAw3AUAv5fZrUUY8jOhVp84Uj9ZZFEWhYH4L6D%2B2bdLCRXPJywoFK%2BRSEtkFk6rzl6pYCnYoiMKXAnAykoiDWmisWzxcaz2SVM%2FtJ8hmvJqSvEWcXwh1EnG5TmtSuGVTnjuHFPZYfcX3NAoAVGzhRYsSZ6jV6ljxTiNJR5rFLspKPWveKKgWtuoRLCmePJF0WZwOgD6KsS7OLSFR0C2MSLBnATsvEMJSxL2wU9gEG6cy%2BRwvHvum%2FLQlxm0VfdhaCcmAsbVHnE%2FVUg6DUNUWfr%2BR31%2FWw06z7oLOlSshg6V0OoM5y3F6SavQLIEcINPP%2FqFJG0hTZ%2BgPKNmafIINME6ysmKQbNoAW0cUYEnROznhN0qDnji498uTpdLCjV%2FuzHWGkpxYeV4JxQ3k9RMKtQ8OVs6pdGDoTrkd51pjZma8riBoubNQDEPExpxnQpcFHwq1FoiclgXilrMBGdDEyj%2FxyxBuEDEMCpbuOVKQhSS8%2FHIUMiqiZo1swvpSbu4m3Ncp7FItanalRBQwf6P4yvImj4vUm%2Bvjn26EZ%2B6Qw8p1GkRMgGmz1h0iORvUR2zDh4%3D&e=mclics%2Fpseudo-search-pads-buybox%2B7708%2Cmclics%2Fbuybox-layout%2B25349%2Cmclics%2Fsearch-list-ad-algorithm%2B16026&rb=x,5.168
Apple iPhone 14 (256 GB) - Blanco estelar - Distribuidor autorizado,https://www.mercadolibre.com.ar/apple-iphone-14-256-gb-blanco-estelar-distribuidor-autorizado/p/MLA1019615376#searchVariation=MLA1019615376&position=5&search_layout=stack&type=product&tracking_id=16001e95-9902-4c4f-b83b-1f62f6ce6dac,3.287.931
"Apple MacBook Pro (13 pulgadas, 2020, Chip M1, 256 GB de SSD, 8 GB de RAM) - Gris espacial",https://www.mercadolibre.com.ar/apple-macbook-pro-13-pulgadas-2020-chip-m1-256-gb-de-ssd-8-gb-de-ram-gris-espacial/p/MLA19878794#searchVariation=MLA19878794&position=6&search_layout=stack&type=product&tracking_id=16001e95-9902-4c4f-b83b-1f62f6ce6dac,2.099.999
Apple Pencil 1ra Generación - Lápiz Optico Apple - Con Adaptador Usb-c,https://www.mercadolibre.com.ar/apple-pencil-1ra-generacion-lapiz-optico-apple-con-adaptador-usb-c/p/MLA27918950#searchVariation=MLA27918950&position=7&search_layout=stack&type=product&tracking_id=16001e95-9902-4c4f-b83b-1f62f6ce6dac,139.750
Cargador iPhone 20w Con Cable Usb C Carga Rápida Original,https://articulo.mercadolibre.com.ar/MLA-1573523096-cargador-iphone-20w-con-cable-usb-c-carga-rapida-original-_JM#position=31&search_layout=stack&type=item&tracking_id=16001e95-9902-4c4f-b83b-1f62f6ce6dac,23.003
Macbook Air M2 15 Pulgadas Color Midnigth,https://www.mercadolibre.com.ar/macbook-air-m2-15-pulgadas-color-midnigth/p/MLA25862525#searchVariation=MLA25862525&position=8&search_layout=stack&type=product&tracking_id=16001e95-9902-4c4f-b83b-1f62f6ce6dac,2.279.900
B.ateria iPhone 7 Plus + A1661 A1784 A1785 Apple Gtia 100%,https://click1.mercadolibre.com.ar/mclics/clicks/external/MLA/count?a=qnK6lk8YhjJuiTde2jeo%2FPfBGId56L5%2FI5oaQFmn7sw8JhzjQs8hnQX08K%2FaZMVoSvFrx2pC%2BlIRd6AOQrN6tMNhhlKYXbP0dMTZCLHMAKE0sRdYpS9MP1p6g2H%2FbcFRuKhNRXuh46X7p%2BWGVYKQLq3l9G%2F70COjO%2B6k92HOgu8FIZ5q%2BUKfhB3eUAg3C3vf1zzSkuwEZFlCfaHq9jkANpMRqZdMT5uuhDMGmD1ZiQkWoOQTgkzHADl%2BlT1M3z%2ByTbbm0UrUrel2vAGVxKM23S82UPNcgkHrz0xM0nnNBWFecSchgvpSjbAa%2FGjRSWez3KgGSJzB7tgpiCa%2FXyVvu%2F1085wLZwNP%2BFFApDn%2Bd9ZuM%2BSH3coY4GDXcL%2BhEflpUudl76PFNsNX53RTL%2BBMmxf0yBEYImewYX0K9kDzL7X2PpHpsvPuYjziPzvRYJYDJpt9NDp8lAKuH%2FgiF7ydQYMjmU%2FPgnile0863egpFp8FgjQZeFzgnehxtronMWOr5R0lnW%2BpYKe7JvXzbi56PggmA9EC8EjHjTX96ZFp3trhsIFbjBifcQHxoCDkKgmufreJZgfc6qwJsJpFHZRzCiSRO5HJrp9Xd0rtDCEE6LiQonDTKL%2BHrY86b633ZKejU02GAXFmyzZyTIxaloawvUPFRQuSNvDwaPAL%2Fw9fhTK2QA6o2V7SBptA5ofLvq24IlLcQmrRwvEiThM5JG4GsoA%3D&e=mclics%2Fpseudo-search-pads-buybox%2B7708%2Cmclics%2Fbuybox-layout%2B25349%2Cmclics%2Fsearch-list-ad-algorithm%2B16026&rb=x,19.578
B.ateria iPhone 6 6g Común A1549 A1586 A1589 Apple Marca 100,https://click1.mercadolibre.com.ar/mclics/clicks/external/MLA/count?a=QOqeANwcaBa%2BD%2F4t35qRyDxwD7wwjmi4yDdoGjQOtwGOK7xPb%2BG6ErWfHxKkTq5J7YCCxYhMP7qC17wAJGs42%2B9g3SqQqJ2GeoLChd%2Fv4pO%2FEDDgG5fESc5UoD1evztCyKykHjZvSXwYHoL%2B009Dc4vege8G0SLu5JFHY9HakRZVv91MgRu5jkSRi6M%2FReHaH%2FcJp6QDZek2NyhM0QjYQga%2BBah5r99h2D%2Fr9AhEuz39iyajM9%2BwbXWL6pQUiY%2FWhVCgB7TCAuz2vLqbFKcbQGn%2B5GZQdjM%2Fs7lGzyIik2zZwTyzZ3A%2FR0nrn1%2Fw1SjD%2BrRyINvvi1r1Q%2BnVbMj%2F1eMVs6g3dLPh4XS754c66cUj49PpjyvBXgcprE8phcjSwiZBaUkson0%2BdQ%2FFSWi99weF5GpOMU5CzTXXunN5U8wh8I4byPHmmk2kdWfKUDvYkOupZt3l938kZ%2BJkgqkDB4xhNktVsiPj%2FwEEYONXfVrHQFKjkdrgZ6jhq3Q1xeUFD4EhdKy%2B4kc5NUUcYm%2BK9uH1yaLEXVSJwneszoQ6DC9Tk5D8nTfmSsaXDC3ejjuf8hjoCugklxlnOcgBjFiGWUhOLP9%2B6vtjOpuopsk0zxkFpTvFo%2Bpb3pvxxEqgciiO7ZXz0UEE%2FrnTIqDSzjo4uh98omUtr7888s5C%2FO%2B%2Bv1zk83pAwCt3yZCkqhA1CELwqIken7a406tAL%2Bp9fztBs1zgHagF5gsxa0g%3D&e=mclics%2Fpseudo-search-pads-buybox%2B7708%2Cmclics%2Fbuybox-layout%2B25349%2Cmclics%2Fsearch-list-ad-algorithm%2B16026&rb=x,16.000
Apple iPhone 14 Pro (512 GB) - Morado oscuro,https://www.mercadolibre.com.ar/apple-iphone-14-pro-512-gb-morado-oscuro/p/MLA19615320#searchVariation=MLA19615320&position=11&search_layout=stack&type=product&tracking_id=16001e95-9902-4c4f-b83b-1f62f6ce6dac,2.049.990
"Macbook Air M2 2022 13.6, M2,8gb,256gb ,8core Gpu Midnight Color Midnight",https://www.mercadolibre.com.ar/macbook-air-m2-2022-136-m28gb256gb-8core-gpu-midnight-color-midnight/p/MLA24037949#searchVariation=MLA24037949&position=12&search_layout=stack&type=product&tracking_id=16001e95-9902-4c4f-b83b-1f62f6ce6dac,2.059.990
Apple Pencil 1ra Generación - Lápiz Optico Apple - Conector Lightning,https://www.mercadolibre.com.ar/apple-pencil-1ra-generacion-lapiz-optico-apple-conector-lightning/p/MLA27919251#searchVariation=MLA27919251&position=13&search_layout=stack&type=product&tracking_id=16001e95-9902-4c4f-b83b-1f62f6ce6dac,134.213
Apple iPhone 15 Pro Max 512 Gb - Black Titanium,https://articulo.mercadolibre.com.ar/MLA-1573430280-apple-iphone-15-pro-max-512-gb-black-titanium-_JM#position=32&search_layout=stack&type=item&tracking_id=16001e95-9902-4c4f-b83b-1f62f6ce6dac,2.549.999
Apple iPhone 12 64gb-incluye Cargador Usb-c - 1 Año Garantia,https://articulo.mercadolibre.com.ar/MLA-1115069902-apple-iphone-12-64gb-incluye-cargador-usb-c-1-ano-garantia-_JM#position=33&search_layout=stack&type=item&tracking_id=16001e95-9902-4c4f-b83b-1f62f6ce6dac,1.100.000
Apple Macbook Air 13.3 Chip M1 8 Core Cpu 256gb Ssd 8gb Ram Color Silver,https://www.mercadolibre.com.ar/apple-macbook-air-133-chip-m1-8-core-cpu-256gb-ssd-8gb-ram-color-silver/p/MLA24128870#searchVariation=MLA24128870&position=14&search_layout=stack&type=product&tracking_id=16001e95-9902-4c4f-b83b-1f62f6ce6dac,1.680.000
"MacBook Air M1 2020 plata 13.3"", Apple M1  8GB de RAM 256GB SSD, Apple M1 8-Core GPU 2560x1600px macOS",https://www.mercadolibre.com.ar/macbook-air-m1-2020-plata-133-apple-m1-8gb-de-ram-256gb-ssd-apple-m1-8-core-gpu-2560x1600px-macos/p/MLA18619156#searchVariation=MLA18619156&position=15&search_layout=stack&type=product&tracking_id=16001e95-9902-4c4f-b83b-1f62f6ce6dac,1.388.999
Apple iPhone 15 Pro Max 512 Gb - Blue Titanium ,https://articulo.mercadolibre.com.ar/MLA-1564371436-apple-iphone-15-pro-max-512-gb-blue-titanium-_JM#position=34&search_layout=stack&type=item&tracking_id=16001e95-9902-4c4f-b83b-1f62f6ce6dac,2.549.999
"iPhone 14, 256gb, Sellado,  Azul Acero, 1 Año De Garantía ",https://articulo.mercadolibre.com.ar/MLA-1392403331-iphone-14-256gb-sellado-azul-acero-1-ano-de-garantia-_JM#position=35&search_layout=stack&type=item&tracking_id=16001e95-9902-4c4f-b83b-1f62f6ce6dac,1.230.000
 iPhone SE 128 GB  gris espacial,https://www.mercadolibre.com.ar/iphone-se-128-gb-gris-espacial/p/MLA6345176#searchVariation=MLA6345176&position=16&search_layout=stack&type=product&tracking_id=16001e95-9902-4c4f-b83b-1f62f6ce6dac,1.049.990
Teclado Apple Magic Keyboard con teclado numérico QWERTY español color blanco - Distribuidor autorizado,https://www.mercadolibre.com.ar/teclado-apple-magic-keyboard-con-teclado-numerico-qwerty-espanol-color-blanco-distribuidor-autorizado/p/MLA1017802276#searchVariation=MLA1017802276&position=17&search_layout=stack&type=product&tracking_id=16001e95-9902-4c4f-b83b-1f62f6ce6dac,275.579
Notebook Apple Macbook Air Mly23 M2 Octacore 8gb 512gb 13.6 Color Dorado,https://www.mercadolibre.com.ar/notebook-apple-macbook-air-mly23-m2-octacore-8gb-512gb-136-color-dorado/p/MLA25548660#searchVariation=MLA25548660&position=18&search_layout=stack&type=product&tracking_id=16001e95-9902-4c4f-b83b-1f62f6ce6dac,2.999.990
Apple iPhone 7 Plus 128gb Rojo Cable Glass Funda,https://articulo.mercadolibre.com.ar/MLA-1620582558-apple-iphone-7-plus-128gb-rojo-cable-glass-funda-_JM#position=36&search_layout=stack&type=item&tracking_id=16001e95-9902-4c4f-b83b-1f62f6ce6dac,422.899
Apple Magic Mouse 3 Color Blanco - Distribuidor autorizado,https://www.mercadolibre.com.ar/apple-magic-mouse-3-color-blanco-distribuidor-autorizado/p/MLA1018713029#searchVariation=MLA1018713029&position=19&search_layout=stack&type=product&tracking_id=16001e95-9902-4c4f-b83b-1f62f6ce6dac,139.999
Apple Macbook Pro Mneq3 M2 Octacore 8gb 512gb 13.3'' Retina,https://www.mercadolibre.com.ar/apple-macbook-pro-mneq3-m2-octacore-8gb-512gb-133-retina/p/MLA22261463#searchVariation=MLA22261463&position=20&search_layout=stack&type=product&tracking_id=16001e95-9902-4c4f-b83b-1f62f6ce6dac,2.899.999
Cargador Notebook P/ Apple Macbook Pro A1278 2010 2011 2012,https://articulo.mercadolibre.com.ar/MLA-1385063725-cargador-notebook-p-apple-macbook-pro-a1278-2010-2011-2012-_JM#position=37&search_layout=stack&type=item&tracking_id=16001e95-9902-4c4f-b83b-1f62f6ce6dac,84.999
"MacBook Air M2 2022 midnight 13.6"", Apple M2  8GB de RAM 256GB SSD, Apple M2 10-Core GPU 2560x1664px macOS - Distribuidor autorizado",https://www.mercadolibre.com.ar/macbook-air-m2-2022-midnight-136-apple-m2-8gb-de-ram-256gb-ssd-apple-m2-10-core-gpu-2560x1664px-macos-distribuidor-autorizado/p/MLA1019563442#searchVariation=MLA1019563442&position=21&search_layout=stack&type=product&tracking_id=16001e95-9902-4c4f-b83b-1f62f6ce6dac,3.599.999
Apple Macbook Air M2 2022 8gb Ram 256gb Ssd Space Gray 13.6 ,https://articulo.mercadolibre.com.ar/MLA-1168320331-apple-macbook-air-m2-2022-8gb-ram-256gb-ssd-space-gray-136-_JM#position=38&search_layout=stack&type=item&tracking_id=16001e95-9902-4c4f-b83b-1f62f6ce6dac,2.049.999
Teclado bluetooth Apple Magic QWERTY español España color plata y blanco - Distribuidor Autorizado,https://www.mercadolibre.com.ar/teclado-bluetooth-apple-magic-qwerty-espanol-espana-color-plata-y-blanco-distribuidor-autorizado/p/MLA1006354142#searchVariation=MLA1006354142&position=22&search_layout=stack&type=product&tracking_id=16001e95-9902-4c4f-b83b-1f62f6ce6dac,199.999
Apple iPhone 15 Pro Max 256gb Black Titanium,https://articulo.mercadolibre.com.ar/MLA-1627388812-apple-iphone-15-pro-max-256gb-black-titanium-_JM#position=39&search_layout=stack&type=item&tracking_id=16001e95-9902-4c4f-b83b-1f62f6ce6dac,8.999.900
"Apple iPhone SE (3ª generación, 64 GB) - PRODUCT(RED) - Distribuidor autorizado",https://www.mercadolibre.com.ar/apple-iphone-se-3-generacion-64-gb-productred-distribuidor-autorizado/p/MLA1018969581#searchVariation=MLA1018969581&position=23&search_layout=stack&type=product&tracking_id=16001e95-9902-4c4f-b83b-1f62f6ce6dac,1.178.299
Airtag Apple Blanco Pack 4 Unidades Bluetooth,https://www.mercadolibre.com.ar/airtag-apple-blanco-pack-4-unidades-bluetooth/p/MLA24541554#searchVariation=MLA24541554&position=24&search_layout=stack&type=product&tracking_id=16001e95-9902-4c4f-b83b-1f62f6ce6dac,156.980
Cargador 20w iPhone + Cable Usb C Original 2 Metros ( 2mts ),https://articulo.mercadolibre.com.ar/MLA-1394216059-cargador-20w-iphone-cable-usb-c-original-2-metros-2mts--_JM#position=40&search_layout=stack&type=item&tracking_id=16001e95-9902-4c4f-b83b-1f62f6ce6dac,23.625
Apple Macbook Pro A2251 13 2019 Core I7 10ma Gen 512gb 32gb,https://articulo.mercadolibre.com.ar/MLA-1449751098-apple-macbook-pro-a2251-13-2019-core-i7-10ma-gen-512gb-32gb-_JM#position=41&search_layout=stack&type=item&tracking_id=16001e95-9902-4c4f-b83b-1f62f6ce6dac,1.745.172
Lápiz óptico bluetooth Apple Pencil - blanco,https://www.mercadolibre.com.ar/lapiz-optico-bluetooth-apple-pencil-blanco/p/MLA27654022#searchVariation=MLA27654022&position=25&search_layout=stack&type=product&tracking_id=16001e95-9902-4c4f-b83b-1f62f6ce6dac,139.999
Apple iPhone 8 Plus 64gb Space Gray Cable Funda Glass,https://articulo.mercadolibre.com.ar/MLA-1628227180-apple-iphone-8-plus-64gb-space-gray-cable-funda-glass-_JM#position=42&search_layout=stack&type=item&tracking_id=16001e95-9902-4c4f-b83b-1f62f6ce6dac,422.265
B.ateria iPhone 7 Plus + A1661 A1784 A1785 Apple Gtia 100%,https://articulo.mercadolibre.com.ar/MLA-1339257262-bateria-iphone-7-plus-a1661-a1784-a1785-apple-gtia-100-_JM#position=43&search_layout=stack&type=item&tracking_id=16001e95-9902-4c4f-b83b-1f62f6ce6dac,19.578
"Apple MacBook Pro (16 pulgadas, Chip M1 Pro de Apple con CPU de 10 núcleos,, 16 GB RAM, 1 TB SSD) - color plata",https://www.mercadolibre.com.ar/apple-macbook-pro-16-pulgadas-chip-m1-pro-de-apple-con-cpu-de-10-nucleos-16-gb-ram-1-tb-ssd-color-plata/p/MLA18624430#searchVariation=MLA18624430&position=26&search_layout=stack&type=product&tracking_id=16001e95-9902-4c4f-b83b-1f62f6ce6dac,3.999.990
iPhone 7 32gb Gris Clase C Reacondicionado,https://articulo.mercadolibre.com.ar/MLA-1313697747-iphone-7-32gb-gris-clase-c-reacondicionado-_JM#position=44&search_layout=stack&type=item&tracking_id=16001e95-9902-4c4f-b83b-1f62f6ce6dac,235.799
iPhone 12 128 Gb Medianoche,https://articulo.mercadolibre.com.ar/MLA-1400311521-iphone-12-128-gb-medianoche-_JM#position=45&search_layout=stack&type=item&tracking_id=16001e95-9902-4c4f-b83b-1f62f6ce6dac,755.136
Cargador Apple Original 85w Magsafe (mc556),https://articulo.mercadolibre.com.ar/MLA-632300148-cargador-apple-original-85w-magsafe-mc556-_JM#position=46&search_layout=stack&type=item&tracking_id=16001e95-9902-4c4f-b83b-1f62f6ce6dac,63.319
Cable Tipo C A Lightning Original De 2 Metros iPhone ( 2mts),https://articulo.mercadolibre.com.ar/MLA-1394267607-cable-tipo-c-a-lightning-original-de-2-metros-iphone-2mts-_JM#position=47&search_layout=stack&type=item&tracking_id=16001e95-9902-4c4f-b83b-1f62f6ce6dac,12.780
iPhone 8 Plus Apple 128gb Space Gray Refabricado Liberado,https://articulo.mercadolibre.com.ar/MLA-1128776792-iphone-8-plus-apple-128gb-space-gray-refabricado-liberado-_JM#position=48&search_layout=stack&type=item&tracking_id=16001e95-9902-4c4f-b83b-1f62f6ce6dac,419.990
Lápiz óptico bluetooth Apple Pencil - blanco - Distribuidor Autorizado,https://www.mercadolibre.com.ar/lapiz-optico-bluetooth-apple-pencil-blanco-distribuidor-autorizado/p/MLA1027654022#searchVariation=MLA1027654022&position=27&search_layout=stack&type=product&tracking_id=16001e95-9902-4c4f-b83b-1f62f6ce6dac,210.289
iPhone 12 128 Gb Verde Agua,https://articulo.mercadolibre.com.ar/MLA-1401609609-iphone-12-128-gb-verde-agua-_JM#position=49&search_layout=stack&type=item&tracking_id=16001e95-9902-4c4f-b83b-1f62f6ce6dac,756.000
Apple Macbook Pro A2251 13 2019 Core I7 10ma Gen 512gb 32gb,https://articulo.mercadolibre.com.ar/MLA-1138107642-apple-macbook-pro-a2251-13-2019-core-i7-10ma-gen-512gb-32gb-_JM#position=50&search_layout=stack&type=item&tracking_id=16001e95-9902-4c4f-b83b-1f62f6ce6dac,2.239.380
iPhone X Apple 256gb 3gb Ram Celular Refabricado,https://articulo.mercadolibre.com.ar/MLA-910582296-iphone-x-apple-256gb-3gb-ram-celular-refabricado-_JM#position=51&search_layout=stack&type=item&tracking_id=16001e95-9902-4c4f-b83b-1f62f6ce6dac,599.990
Apple Magic Mouse 2 Plateado - Distribuidor Autorizado,https://www.mercadolibre.com.ar/apple-magic-mouse-2-plateado-distribuidor-autorizado/p/MLA1006332786#searchVariation=MLA1006332786&position=28&search_layout=stack&type=product&tracking_id=16001e95-9902-4c4f-b83b-1f62f6ce6dac,159.999
 iPhone XR 64 Gb - Coral ,https://articulo.mercadolibre.com.ar/MLA-1375704837-iphone-xr-64-gb-coral-_JM#position=52&search_layout=stack&type=item&tracking_id=16001e95-9902-4c4f-b83b-1f62f6ce6dac,474.120
Macbook Pro 13 (2022) Chip M2 Apple / 8gb Ram Ssd 256gb Color Gris Espacial,https://www.mercadolibre.com.ar/macbook-pro-13-2022-chip-m2-apple-8gb-ram-ssd-256gb-color-gris-espacial/p/MLA24859072#searchVariation=MLA24859072&position=29&search_layout=stack&type=product&tracking_id=16001e95-9902-4c4f-b83b-1f62f6ce6dac,2.424.987
Apple Pencil 2da Gen Para iPad Pro En Caja Sellada Original,https://articulo.mercadolibre.com.ar/MLA-792512088-apple-pencil-2da-gen-para-ipad-pro-en-caja-sellada-original-_JM#position=53&search_layout=stack&type=item&tracking_id=16001e95-9902-4c4f-b83b-1f62f6ce6dac,148.000
Celular iPhone 7 32gb 2gb Ram 12mp 7mp Apple Original ,https://articulo.mercadolibre.com.ar/MLA-795491376-celular-iphone-7-32gb-2gb-ram-12mp-7mp-apple-original-_JM#position=54&search_layout=stack&type=item&tracking_id=16001e95-9902-4c4f-b83b-1f62f6ce6dac,219.990
Apple iPhone 14 Plus (128 GB) - (PRODUCT)RED,https://www.mercadolibre.com.ar/apple-iphone-14-plus-128-gb-productred/p/MLA19615377#searchVariation=MLA19615377&position=30&search_layout=stack&type=product&tracking_id=16001e95-9902-4c4f-b83b-1f62f6ce6dac,1.499.990
Cargador Apple 30 W Usb-c,https://articulo.mercadolibre.com.ar/MLA-935329128-cargador-apple-30-w-usb-c-_JM#position=55&search_layout=stack&type=item&tracking_id=16001e95-9902-4c4f-b83b-1f62f6ce6dac,41.999
"Apple MacBook Pro (14 pulgadas, Chip M1 Max de Apple con CPU de 10 núcleos,, 32 GB RAM, 1 TB SSD) - space gray",https://www.mercadolibre.com.ar/apple-macbook-pro-14-pulgadas-chip-m1-max-de-apple-con-cpu-de-10-nucleos-32-gb-ram-1-tb-ssd-space-gray/p/MLA21076591#searchVariation=MLA21076591&position=4&search_layout=stack&type=product&tracking_id=16001e95-9902-4c4f-b83b-1f62f6ce6dac,4.001.777
